Timestamp,Symbol,Action,Price,Qty,Product
2026-02-02 11:15:08,NSE:NIFTY2620325200PE,SELL,483.95,1,SIMULATED
2026-02-02 11:15:08,NSE:NIFTY2620325200PE,SELL,0,1,REAL_ORDER_SENT
2026-02-02 11:27:00,NSE:NIFTY2620325200PE,SELL,495,1,SIMULATED
2026-02-02 11:27:00,NSE:NIFTY2620325200PE,SELL,0,1,REAL_ORDER_SENT
2026-02-02 11:17:14,NSE:NIFTY2620325200PE,EXIT_MKT,493,1,SIMULATED | PnL: -9.05
2026-01-30 13:47:00,NSE:NIFTY2620324900CE,ENTRY_SHORT,469.8,65,BACKTEST | SL: 491.7 | RSI: 72.92
2026-01-30 13:53:00,NSE:NIFTY2620324900CE,EXIT_SL,512.5,65,BACKTEST | PnL: -42.69999999999999
2026-01-30 09:25:00,NSE:NIFTY2620325800PE,ENTRY_SHORT,551.1,65,BACKTEST | SL: 580.35 | RSI: 89.42
2026-01-30 09:29:00,NSE:NIFTY2620325800PE,EXIT_SL,591.7,65,BACKTEST | PnL: -40.60000000000002
2026-01-30 09:35:00,NSE:NIFTY2620325800PE,ENTRY_SHORT,532.25,65,BACKTEST | SL: 578.7 | RSI: 74.63
2026-01-30 11:15:00,NSE:NIFTY2620325800PE,EXIT_SL,580,65,BACKTEST | PnL: -47.75
2026-01-29 11:25:00,NSE:NIFTY2620325000CE,ENTRY_SHORT,378,65,BACKTEST | SL: 410.9 | RSI: 70.69
2026-01-29 12:47:00,NSE:NIFTY2620325000CE,EXIT_SL,411.05,65,BACKTEST | PnL: -33.05000000000001
2026-01-29 13:41:00,NSE:NIFTY2620325000CE,ENTRY_SHORT,478.05,65,BACKTEST | SL: 491 | RSI: 70.30
2026-01-29 13:43:00,NSE:NIFTY2620325000CE,EXIT_SL,502.4,65,BACKTEST | PnL: -24.349999999999966
2026-01-29 14:03:00,NSE:NIFTY2620325000CE,ENTRY_SHORT,501.15,65,BACKTEST | SL: 519.45 | RSI: 71.41
2026-01-29 14:31:00,NSE:NIFTY2620325000CE,EXIT_SL,523.6,65,BACKTEST | PnL: -22.450000000000045
2026-01-29 10:03:00,NSE:NIFTY2620325900PE,ENTRY_SHORT,722,65,BACKTEST | SL: 736.55 | RSI: 70.17
2026-01-29 15:01:00,NSE:NIFTY2620325900PE,EXIT_TIME,492.25,65,BACKTEST | PnL: 229.75
2026-01-28 09:25:00,NSE:NIFTY2620324950CE,ENTRY_SHORT,535,65,BACKTEST | SL: 550.5 | RSI: 83.45
2026-01-28 15:01:00,NSE:NIFTY2620324950CE,EXIT_TIME,496.95,65,BACKTEST | PnL: 38.05000000000001
2026-01-28 12:43:00,NSE:NIFTY2620325800PE,ENTRY_SHORT,537.8,65,BACKTEST | SL: 556.05 | RSI: 71.88
2026-01-28 12:59:00,NSE:NIFTY2620325800PE,EXIT_SL,556.45,65,BACKTEST | PnL: -18.65000000000009
2026-01-28 13:53:00,NSE:NIFTY2620325800PE,ENTRY_SHORT,598.35,65,BACKTEST | SL: 631.15 | RSI: 73.86
2026-01-28 15:01:00,NSE:NIFTY2620325800PE,EXIT_TIME,486.9,65,BACKTEST | PnL: 111.45000000000005
2026-02-02 13:57:02,NSE:NIFTY2620324450CE,SELL_FAIL,0,65,ERROR: RED:Margin Shortfall:INR 2 |12 |461.77 Available:INR 0.00 for C-XP24111 [FYERS_RISK_CUG]
2026-02-02 13:57:02,NSE:NIFTY2620324450CE,SELL,513.75,65,SIMULATED
2026-02-02 14:23:23,NSE:NIFTY2620324450CE,EXIT_SL,528.3,-65,SIMULATED | PnL: -945.75
2026-02-02 15:05:10,NSE:NIFTY2620324500CE,SELL_FAIL,0,65,ERROR: RED:Margin Shortfall:INR 2 |12 |374.12 Available:INR 0.00 for C-XP24111 [FYERS_RISK_CUG]
2026-02-02 15:05:10,NSE:NIFTY2620324500CE,SELL,563.15,65,SIMULATED
2026-02-02 15:05:25,NSE:NIFTY2620324500CE,EXIT_SL,569.45,-65,SIMULATED | PnL: -409.5
2026-02-02 15:09:05,NSE:NIFTY2620324500CE,SELL_FAIL,0,65,ERROR: RED:Margin Shortfall:INR 2 |12 |378.02 Available:INR 0.00 for C-XP24111 [FYERS_RISK_CUG]
2026-02-02 15:09:05,NSE:NIFTY2620324500CE,SELL,554.65,65,SIMULATED
2026-02-02 15:16:08,NSE:NIFTY2620324500CE,EXIT_SL,589.7,-65,SIMULATED | PnL: -2278.25
2026-02-02 15:21:08,NSE:NIFTY2620324500CE,SELL_FAIL,0,65,ERROR: RED:'MIS' Orders are disallowed after system square off
2026-02-02 15:21:08,NSE:NIFTY2620324500CE,SELL,565.65,65,SIMULATED
2026-02-02 17:45:29,NSE:NIFTY2620325200PE,EXIT_MKT,344.9,-1,SIMULATED | PnL: 150.1
2026-02-02 17:45:29,NSE:NIFTY2620324500CE,EXIT_MKT,576.85,-65,SIMULATED | PnL: -728.0
2026-02-03 11:39:05,NSE:NIFTY2620325350CE,SELL_FAIL,0,65,ERROR: RED:Margin Shortfall:INR 2 |50 |736.58 Available:INR 0.00 for C-XP24111 [FYERS_RISK_CUG]
2026-02-03 11:39:05,NSE:NIFTY2620325350CE,SELL,488.45,65,SIMULATED
2026-02-03 15:00:00,NSE:NIFTY2620325350CE,EXIT_MKT,436.55,-65,SIMULATED | PnL: 3373.5
2026-02-03 13:39:00,NSE:NIFTY2620326250PE,ENTRY_SHORT,482.05,65,MANUAL_FIX
2026-02-03 15:00:00,NSE:NIFTY2620326250PE,EXIT_MKT,485.5,-65,MANUAL_FIX | PnL: -224.25
2026-02-03 09:25:00,NSE:NIFTY2620325300CE,ENTRY_SHORT,528.4,65,MANUAL_FIX
2026-02-03 11:33:00,NSE:NIFTY2620325300CE,EXIT_SL,559.9,-65,MANUAL_FIX | PnL: -2047.5
2026-02-04 09:19:00,NSE:NIFTY2621026200PE,SELL_FAIL,0,65,ERROR: RED:Margin Shortfall:INR 2 |17 |502.81 Available:INR 0.00 for C-XP24111 [FYERS_RISK_CUG]
2026-02-04 09:19:00,NSE:NIFTY2621026200PE,SELL,498.55,65,SIMULATED
2026-02-04 13:49:09,NSE:NIFTY2621025300CE,SELL_FAIL,0,65,ERROR: RED:Margin Shortfall:INR 2 |17 |993.73 Available:INR 0.00 for C-XP24111 [FYERS_RISK_CUG]
2026-02-04 13:49:09,NSE:NIFTY2621025300CE,SELL,519.35,65,SIMULATED
2026-02-04 13:52:03,NSE:NIFTY2621025300CE,EXIT_SL,531.6,-65,SIMULATED | PnL: -796.25
2026-02-04 13:57:00,NSE:NIFTY2621025350CE,SELL_FAIL,0,65,ERROR: RED:Margin Shortfall:INR 2 |14 |621.58 Available:INR 0.00 for C-XP24111 [FYERS_RISK_CUG]
2026-02-04 13:57:00,NSE:NIFTY2621025350CE,SELL,482,65,SIMULATED
2026-02-04 14:11:49,NSE:NIFTY2621025350CE,EXIT_SL,491,-65,SIMULATED | PnL: -585
2026-02-04 14:25:00,NSE:NIFTY2621025350CE,SELL_FAIL,0,65,ERROR: RED:Margin Shortfall:INR 2 |16 |519.05 Available:INR 0.00 for C-XP24111 [FYERS_RISK_CUG]
2026-02-04 14:25:00,NSE:NIFTY2621025350CE,SELL,506.25,65,SIMULATED
2026-02-04 15:00:01,NSE:NIFTY2621026200PE,EXIT_MKT,428.85,-65,SIMULATED | PnL: 4530.5
2026-02-04 15:00:01,NSE:NIFTY2621025350CE,EXIT_MKT,490.3,-65,SIMULATED | PnL: 1036.75
2026-02-05 09:19:01,NSE:NIFTY2621026250PE,SELL_FAIL,0,65,ERROR: RED:Margin Shortfall:INR 2 |18 |232.30 Available:INR 0.00 for C-XP24111 [FYERS_RISK_CUG]
2026-02-05 09:19:01,NSE:NIFTY2621026250PE,SELL,522.15,65,SIMULATED
2026-02-05 09:20:59,NSE:NIFTY2621026250PE,EXIT_SL,554.1,-65,SIMULATED | PnL: -2076.75
2026-02-05 09:51:00,NSE:NIFTY2621026150PE,SELL_FAIL,0,65,ERROR: RED:Margin Shortfall:INR 2 |11 |405.35 Available:INR 0.00 for C-XP24111 [FYERS_RISK_CUG]
2026-02-05 09:51:00,NSE:NIFTY2621026150PE,SELL,506.45,65,SIMULATED
